{"cameraMode":{"drawMode":0,"name":"Shaded","section":"Shading Mode"},"sceneLighting":false,"audioPlay":false,"sceneViewState":{"m_AlwaysRefresh":false,"showFog":true,"showSkybox":false,"showFlares":true,"showImageEffects":true,"showParticleSystems":true,"showVisualEffectGraphs":true,"m_FxEnabled":true},"in2DMode":false,"pivot":{"x":7.920000076293945,"y":2.9791879653930666,"z":-17.850000381469728},"rotation":{"x":-0.1526726335287094,"y":0.022826312109827997,"z":-0.0035328988451510669,"w":-0.9880281090736389},"size":1.770269513130188,"orthographic":false}