{"cameraMode":{"drawMode":0,"name":"Shaded","section":"Shading Mode"},"sceneLighting":false,"audioPlay":false,"sceneViewState":{"m_AlwaysRefresh":false,"showFog":true,"showSkybox":false,"showFlares":true,"showImageEffects":true,"showParticleSystems":true,"showVisualEffectGraphs":true,"m_FxEnabled":true},"in2DMode":false,"pivot":{"x":10.559000015258789,"y":1.0743274688720704,"z":-20.599000930786134},"rotation":{"x":-0.1526726335287094,"y":0.022826312109827997,"z":-0.0035328988451510669,"w":-0.9880281090736389},"size":1.8664973974227906,"orthographic":false}