{"cameraMode":{"drawMode":0,"name":"Shaded","section":"Shading Mode"},"sceneLighting":true,"audioPlay":false,"sceneViewState":{"m_AlwaysRefresh":false,"showFog":true,"showSkybox":true,"showFlares":true,"showImageEffects":true,"showParticleSystems":true,"showVisualEffectGraphs":true,"m_FxEnabled":true},"in2DMode":false,"pivot":{"x":1.695665717124939,"y":-0.4970323443412781,"z":-0.013291332870721817},"rotation":{"x":-0.41490688920021059,"y":-0.4110133945941925,"z":0.2180381715297699,"w":-0.7819545865058899},"size":4.646486759185791,"orthographic":false}