{"cameraMode":{"drawMode":0,"name":"Shaded","section":"Shading Mode"},"sceneLighting":true,"audioPlay":false,"sceneViewState":{"m_AlwaysRefresh":false,"showFog":true,"showSkybox":true,"showFlares":true,"showImageEffects":true,"showParticleSystems":true,"showVisualEffectGraphs":true,"m_FxEnabled":true},"in2DMode":false,"pivot":{"x":0.5792986750602722,"y":2.3396005630493166,"z":0.11078786849975586},"rotation":{"x":-0.21474763751029969,"y":-0.5165650844573975,"z":0.13565097749233247,"w":-0.8177367448806763},"size":4.448610305786133,"orthographic":false}