{"cameraMode":{"drawMode":0,"name":"Shaded","section":"Shading Mode"},"sceneLighting":true,"audioPlay":false,"sceneViewState":{"m_AlwaysRefresh":false,"showFog":true,"showSkybox":true,"showFlares":true,"showImageEffects":true,"showParticleSystems":true,"showVisualEffectGraphs":true,"m_FxEnabled":true},"in2DMode":false,"pivot":{"x":2.069932699203491,"y":0.1477174460887909,"z":0.3297635018825531},"rotation":{"x":-0.03414270654320717,"y":-0.7900790572166443,"z":0.044114015996456149,"w":-0.6105145812034607},"size":4.1821136474609379,"orthographic":false}